{"grid_scale":1.0,"implicit":{"max_val":3.296999931335449,"range":0.010999999940395355,"type":"metaballs"},"mesh_iso":1.2990000247955322,"root_file":"./resources/tree_data/roots_irregular.data","strands":{"frame_eval":3.131999969482422,"iso_eval":0.574999988079071,"local_eval":5.521999835968018,"local_spread":0.012000000104308128,"max_angle":180.53700256347656,"num_trials":200,"reject_iso":8.984999656677246,"sectorality":true,"segment_length":0.029999999329447746,"segment_offset":0.30000001192092896,"target_iso":3.0260000228881836},"tree_file":"./resources/tree_data/irregular_crown2.data"}
