{"grid_scale":0.8450000286102295,"implicit":{"max_val":3.059999942779541,"range":0.010999999940395355,"type":"metaballs"},"mesh_iso":1.2990000247955322,"root_file":"./resources/tree_data/roots_irregular.data","strands":{"frame_eval":5.493000030517578,"iso_eval":1.1050000190734863,"local_eval":3.9100000858306885,"local_spread":0.05400000140070915,"max_angle":180.53700256347656,"num_trials":200,"reject_iso":8.656999588012695,"sectorality":true,"segment_length":0.02199999988079071,"segment_offset":0.27900001406669617,"target_iso":5.96999979019165},"tree_file":"./resources/tree_data/irregular_crown2.data"}
