{"grid_scale":0.6000000238418579,"implicit":{"max_val":3.296999931335449,"range":0.010999999940395355,"type":"metaballs"},"mesh_iso":1.2990000247955322,"root_file":"./resources/tree_data/roots_irregular.data","strands":{"alpha":0.5,"max_angle":180.53700256347656,"num_trials":200,"reject_iso":8.984999656677246,"segment_length":0.029999999329447746,"segment_offset":0.30000001192092896},"tree_file":"./resources/tree_data/irregular_crown2.data"}
