{"grid_scale":0.4569999873638153,"implicit":{"max_val":3.010999917984009,"range":0.010999999940395355,"type":"metaballs"},"mesh_iso":2.0299999713897705,"root_file":"./resources/tree_data/roots_malus.data","strands":{"alpha":0.5,"frame_eval":5.611999988555908,"iso_eval":0.574999988079071,"local_eval":4.985000133514404,"local_spread":0.032999999821186066,"max_angle":138.6269989013672,"method":"heading_dir","num_trials":200,"reject_iso":8.506999969482422,"sectorality":true,"segment_length":0.019999999552965164,"segment_offset":0.39399999380111694,"target_iso":4.0},"tree_file":"./resources/tree_data/malus_baccata_columnaris"}
