{"grid_scale":0.4569999873638153,"implicit":{"max_val":3.308000087738037,"range":0.013000000268220901,"type":"metaballs"},"mesh_iso":2.0299999713897705,"root_file":"./resources/tree_data/roots_malus.data","strands":{"alpha":0.5,"max_angle":138.6269989013672,"num_trials":200,"reject_iso":5.88100004196167,"segment_length":0.019999999552965164,"segment_offset":0.4180000126361847},"tree_file":"./resources/tree_data/malus_baccata_columnaris"}
