{
  "grid_scale": 0.75,
  "implicit": {
    "max_val": 3,
    "range": 0.014999999664723873,
    "type": "metaballs"
  },
  "mesh_iso": 2.3510000705718994,
  "root_file": "./resources/tree_data/roots.data",
  "strands": {
    "frame_eval": 3.6419999599456787,
    "iso_eval": 2.447999954223633,
    "local_eval": 4.059999942779541,
    "max_angle": 180,
    "num_trials": 300,
    "reject_iso": 50,
    "sectorality": true,
    "segment_length": 0.02800000086426735,
    "segment_offset": 0.3799999952316284,
    "target_iso": 9.104999542236328
  },
  "tree_file": "./resources/tree_data/poplaresque1.data"
}
