{"grid_scale":1.0,"implicit":{"max_val":3.0,"range":0.014999999664723873,"type":"metaballs"},"mesh_iso":2.3510000705718994,"root_file":"./resources/tree_data/roots.data","strands":{"frame_eval":4.629000186920166,"iso_eval":1.61899995803833,"local_eval":6.202000141143799,"max_angle":103.75199890136719,"num_trials":300,"reject_iso":10.918999671936035,"sectorality":true,"segment_length":0.02800000086426735,"segment_offset":0.3799999952316284,"target_iso":8.699000358581543},"tree_file":"./resources/tree_data/poplaresque1.data"}
