{
"interactive_mode": true,
"cameras":[
    {"dist":2.068920612335205,
    "focus":[0.15332913398742676, 0.368491530418396, 0.01678326725959778],
    "phi":0.30000001192092896,
    "theta":4.041592121124268}
],
"grid_scale":1.0,
"implicit":{
    "max_val":3.0,
    "range":0.014999999664723873,
    "type":"metaballs"
},
"mesh_iso":2.0,
"root_file":"./resources/tree_data/roots.data",
"strands":{
    "num_per": 1,
    "max_val": 3.0,
    "leaf_min_range":0.012,
    "root_min_range": 0.012,
    "base_max_range": 0.035,
    "lookahead_min":1.0,
    "lookahead_max":2.0,
    "frame_eval":8.14900016784668,
    "iso_eval":0.0,
    "local_eval":4.328000068664551,
    "local_spread":0.04600000008940697,
    "max_angle":103.75199890136719,
    "method":"canon_iso",
    "num_trials":200,
    "reject_iso":10.0,
    "sectorality":true,
    "segment_length":0.026000000536441803,
    "segment_offset":0.41200000047683716,
    "target_iso":4.626999855041504,
    "root_angle_node": 0.5,
    "bias_amount": 1.5,
    "texture":{
        "max_val": 20.0,
        "base_max_range": 0.025,
        "leaf_min_range":0.001,
        "root_min_range": 0.001,
        "chance_start":0.5,
        "chance_max":1.0
    }
},
"tree_file":"./resources/tree_data/poplaresque1.data",
"image_path":"./images/biglookahead"
}
