{
"cameras":[
    {"dist":2.068920612335205,
    "focus":[0.15332913398742676, 0.368491530418396, 0.01678326725959778],
    "phi":0.30000001192092896,
    "theta":4.041592121124268}
],
"grid_scale":0.6,
"implicit":{
    "max_val":3.0,
    "range":0.014999999664723873,
    "type":"metaballs"
},
"mesh_iso":2.0,
"tree_file":"./resources/tree_data/reference.txt",
"shoot_zup":false,
"root_file":"./resources/tree_data/roots.data",
"root_zup":true,
"strands":{
    "num_per": 1.0,
    "max_val": 3.0,
    "leaf_min_range":0.008,
    "root_min_range": 0.003,
    "base_max_range": 0.02,
    "lookahead_factor":1.0,
    "frame_eval":8.14900016784668,
    "iso_eval":0.0,
    "local_eval":4.328000068664551,
    "local_spread":0.04600000008940697,
    "max_angle":103.75199890136719,
    "method":"canon_iso",
    "num_trials":200,
    "reject_iso":10.0,
    "sectorality":true,
    "segment_length":0.026000000536441803,
    "segment_offset":0.41200000047683716,
    "target_iso":4.626999855041504,
    "texture":{
        "max_val": 30.0,
        "base_max_range": 0.0125,
        "leaf_min_range":0.0001,
        "root_min_range": 0.0000
    }
},
"image_path":"./images/reference"
}
