{"grid_scale":0.10000000149011612,"implicit":{"max_val":5.38700008392334,"range":0.03099999949336052,"type":"metaballs"},"mesh_iso":3.2230000495910645,"strands":{"alpha":0.5,"max_angle":99.94100189208984,"num_trials":54,"reject_iso":6.866000175476074,"segment_length":0.029999999329447746,"segment_offset":0.531000018119812},"tree_file":"./resources/tree_data/roots.data"}
